<?xml version="1.0" encoding="UTF-8"?>
<beans xmlns:mvc="http://www.springframework.org/schema/mvc"
	xmlns:xsi="http://www.w3.org/2001/XMLSchema-instance"
	xmlns="http://www.springframework.org/schema/beans"
	xmlns:context="http://www.springframework.org/schema/context"
	xsi:schemaLocation="http://www.springframework.org/schema/mvc http://www.springframework.org/schema/mvc/spring-mvc.xsd
		http://www.springframework.org/schema/beans http://www.springframework.org/schema/beans/spring-beans.xsd
		http://www.springframework.org/schema/context http://www.springframework.org/schema/context/spring-context.xsd">

	<!-- DispatcherServlet Context: defines this servlet's request-processing infrastructure -->
	
	<!-- Enables the Spring MVC @Controller programming model -->
	<mvc:annotation-driven />

	<!-- Handles HTTP GET requests for /resources/** by efficiently serving up static resources in the ${webappRoot}/resources directory -->
	<!-- 리소스들은 서블릿요청에서 제외해준다. 이미지같은것 불러올때 사용하기 위해 리소스폴더에 넣어줌 -->
	<mvc:resources mapping="/resources/**" location="/resources/" />

	<!-- Resolves views selected for rendering by @Controllers to .jsp resources in the /WEB-INF/views directory -->
	<bean class="org.springframework.web.servlet.view.InternalResourceViewResolver">
	<!-- 웹 inf아래에 뷰즈아래에 jsp파일들을 뷰로 하겠다. -->
		<property name="prefix" value="/WEB-INF/views/" />
		<property name="suffix" value=".jsp" />
	</bean>
	<!-- 객체를 스프링이 만들어줌 new연산자 없이, com.jjdev.mvc아래에 있는 클래스들은 객체를 만들어주겠다.
	약속된 어노테이션을 붙여주면. -->
	<context:component-scan base-package="com.pineapple.funding" />
	<context:component-scan base-package="com.pineapple.funding.Board" />
	
	<!-- 커넥션 풀 설정 -->
    <bean id="dataSource" class="org.apache.commons.dbcp.BasicDataSource">
        <property name="driverClassName" value="com.mysql.jdbc.Driver"/>
        <property name="url" value="jdbc:mysql://127.0.0.1:3306/board?useUnicode=true&amp;characterEncoding=utf8"/>
        <property name="username" value="root"/>
        <property name="password" value="java0000"/>
    </bean>
    
     <!-- mybatis설정 1. SqlSessionFactory -->
    <bean id="sqlSessionFactory" class="org.mybatis.spring.SqlSessionFactoryBean">
        <!-- mybatis 세션생성시 사용할 dataSource주입 -->
        <property name="dataSource" ref="dataSource" />
        <!-- mybatis 세션생성후 쿼리를 실행시킬때 사용할 쿼리위치(메퍼)설정 -->
        <property name="mapperLocations">
            <list>
                <value>classpath:com/pineapple/funding/Board/BoardMapper.xml</value>
            </list>
        </property>
    </bean>
    <!-- mybatis설정 2. SqlSessionTemplate-->
    <bean id="sqlSessionTemplate" class="org.mybatis.spring.SqlSessionTemplate">
        <constructor-arg index="0" ref="sqlSessionFactory"/>
    </bean>

    
	
</beans>