<?xml version="1.0" encoding="UTF-8"?>
<!DOCTYPE mapper
  PUBLIC "-//mybatis.org//DTD Mapper 3.0//EN"
  "http://mybatis.org/dtd/mybatis-3-mapper.dtd">
 
<mapper namespace="naver.jjdev.board.service.BoardMapper">
	<!-- select 용 resuultMap -->
	<resultMap  type="naver.jjdev.board.service.Board" 
				id="board">
		<result property="boardNo" column="board_no"/>
		<result property="boardTitle" column="board_title"/>
		<result property="boardContent" column="board_content"/>
		<result property="boardUser" column="board_user"/>
		<result property="boardDate" column="board_date"/>
	</resultMap>
	
	<!-- 
	<resultMap type="naver.jjdev.board.service.BoardAndMember"
			   id="boardAndMember">
		<association property="board">
			<result property="boardNo" column="board_no"/>
			<result property="boardTitle" column="board_title"/>
			<result property="boardContent" column="board_content"/>
			<result property="boardUser" column="board_user"/>
			<result property="boardDate" column="board_date"/>
		</association>
		<association property="member">
			<result property="memberNo" column="member_no"/>
			<result property="memberName" column="member_name"/>
			<result property="memberAddr" column="member_addr"/>
		</association>
	</resultMap>
	 -->
	 
	 <!-- 
	<select id="getBoardAndMemberList"
			resultType="boardAndMember">
		SELECT b.board_no, b.board_title, m.member_no, m.member_addr
		FROM board b INNER JOIN member m
		ON b.board_user = m.member_name
		ORDER BY b.board_no;
	</select>
	 -->
	 
    <update id="updateBoard" parameterType="naver.jjdev.board.service.Board">
        UPDATE board 
            SET board_title = #{boardTitle}
            , board_content = #{boardTitle} 
        WHERE board_no = #{boardNo} 
        AND board_pw = #{boardPw}
    </update>
    
    <delete id="deleteBoard" parameterType="naver.jjdev.board.service.Board">
        DELETE FROM board 
        WHERE board_no = #{boardNo} 
        AND board_pw = #{boardPw}
    </delete>
    
    <select id="getBoard" parameterType="int" resultMap="board">
        SELECT
            board_no AS boardNo 
            ,board_title AS boardTitle
            , board_content AS boardContent
            , board_user AS boardUser
            , board_date AS boardDate
        FROM board 
        WHERE board_no=#{boardNo}
    </select>
    
    <select id="getBoardList" parameterType="java.util.Map" resultMap="board">
        SELECT 
            board_no AS boardNo
            , board_title AS boardTitle
            , board_user AS boardUser
            , board_date As boardDate
        FROM board 
        ORDER BY board_date DESC 
        LIMIT #{beginRow}, #{pagePerRow}
    </select>
    
    <select id="getBoardCount" resultType="int">
        SELECT COUNT(*) FROM board
    </select>
    
    <insert id="insertBoard" parameterType="naver.jjdev.board.service.Board">
        INSERT INTO board(
            board_pw
            , board_title
            , board_content
            , board_user
            , board_date) 
        VALUES(
            #{boardPw}
            , #{boardTitle}
            , #{boardContent}
            , #{boardUser}
            ,now()
        )
        <!-- 입력 완료후 parameterType에 입력된 autoincrement값을 입력..  -->
        <selectKey  keyProperty="boardNo" 
        			keyColumn="board_no" 
        			resultType="int" 
        			order="AFTER">
        	select last_insert_id() as boardNo
        </selectKey>
    </insert>
</mapper>