<?xml version="1.0" encoding="UTF-8"?>

<!DOCTYPE mapper
  PUBLIC "-//mybatis.org//DTD Mapper 3.0//EN"
  "http://mybatis.org/dtd/mybatis-3-mapper.dtd">
 
<mapper namespace="naver.jjdev.board.service.MemberMapper">
	<resultMap type="naver.jjdev.board.service.Member"
			   id="member">
		<result property="memberNo" column="member_no"/>
		<result property="memberName" column="member_name"/>
		<result property="memberAddr" column="member_addr"/>
	</resultMap>
	
	<resultMap type="naver.jjdev.board.service.Member"
			   id="memberAndBoardList">
		<result property="memberNo" column="member_no"/>
		<result property="memberName" column="member_name"/>
		<result property="memberAddr" column="member_addr"/>
		<collection property="boardList"
					ofType="naver.jjdev.board.service.Board">
			<id property="boardNo" column="board_no"/>
			<result property="boardTitle" column="board_title"/>
			<result property="boardContent" column="board_content"/>
			<result property="boardUser" column="board_user"/>
			<result property="boardDate" column="board_date"/>
		</collection>
	</resultMap>
	
	<select id="getMemberAndBoardList"
			parameterType="int"
			resultMap="memberAndBoardList">
		SELECT m.member_no, m.member_name, m.member_addr, b.board_no, b.board_title, b.board_date
		FROM member m INNER JOIN board b
		ON m.member_name = b.board_user
		WHERE m.member_no = #{memberNo}
	</select>
	
</mapper>